球員,球隊,背號,IP,BF,ERA,ERA+,tERA+,FIP,WHIP,LOB%,BABIP,AVG,OBP,SLG,OPS,OPS+,tOPS+,PutAway%,K%,BB%,Strike%,Swing%,1st Pitch Swing%,Whiff%,Contact%,GB%,LD%,FB%,POP%,LEFT%,MIDDLE%,RIGHT%,Year
猛登,Brothers,80,154,641,2.864,128,128.5,3.57,1.136,76.4,0.274,0.233,0.304,0.317,0.621,79.7,84.9,35.5,17.8,6.7,64.7,47,23.1,18.7,81.3,50.7,13.1,30.8,5.4,29.3,34.7,36,2024
艾速特,Brothers,35,"113, 2/3",464,2.771,132.3,132.8,2.533,1.152,76.1,0.319,0.246,0.298,0.312,0.611,76.5,81.6,42.7,23.5,5.8,65.9,48.8,25.9,23.8,76.2,45,13.8,34.4,6.9,36.4,35.9,27.7,2024
謝榮豪,Brothers,79,"35, 1/3",152,4.075,90,90.3,4.311,1.415,70.5,0.292,0.269,0.336,0.373,0.709,104.9,110.9,27.6,13.8,9.2,63.8,48.1,28.9,17.7,82.3,30.2,19.8,39.7,10.3,27.2,28.4,44.4,2024
吳俊偉,Brothers,94,58,245,2.638,139,139.5,3.122,1.19,73.7,0.273,0.212,0.301,0.284,0.585,69.7,74.4,42,22.4,10.2,64.5,46.4,26.1,26.8,73.2,54.3,9.9,32.7,3.1,27.8,33,39.2,2024
德保拉,Brothers,46,127,516,3.047,120.3,120.8,2.988,1.094,71.4,0.293,0.247,0.289,0.321,0.61,76.2,81.4,34.1,17.6,4.1,67.5,48.6,28.3,16,84,58.1,11.9,25,5.1,29.8,35.9,34.3,2024
王凱程,Brothers,15,40,163,3.15,116.4,116.9,3.622,1.175,74.6,0.277,0.241,0.321,0.333,0.654,89.3,94.7,30.1,13.5,8,63.8,44.9,19,18.7,81.3,64.5,6.5,24.2,4.8,27.4,35.9,36.7,2024
彭識穎,Brothers,21,"3, 2/3",18,2.455,149.4,149.9,5.031,1.636,57.1,0.308,0.286,0.412,0.5,0.912,163,170.9,20,5.6,11.1,54,47.6,27.8,16.7,83.3,42.9,7.1,35.7,14.3,32.1,32.1,35.7,2024
李振昌,Brothers,34,"38, 1/3",178,4.696,78.1,78.4,3.357,1.643,65.6,0.333,0.276,0.362,0.359,0.721,108.9,114.8,37,15.2,11.2,61.2,45.6,27,14.6,85.4,31.5,13.1,47.7,7.7,33.5,36.5,30,2024
李吳永勤,Brothers,30,"3, 2/3",19,14.727,24.9,25,5.031,1.909,25,0.357,0.357,0.444,0.429,0.873,153.1,160.1,20,5.3,10.5,58.6,46.6,36.8,18.5,81.5,40,0,53.3,6.7,50,20,30,2024
徐基麟,Brothers,70,"32, 1/3",140,3.34,109.8,110.2,5.101,1.299,78.4,0.257,0.243,0.36,0.339,0.699,102.7,108.4,23,10,10,60.6,41.4,20,13.3,86.7,48.1,7.7,38.5,5.8,34.1,32.2,33.7,2024
蔡齊哲,Brothers,50,"45, 1/3",193,5.162,71,71.3,4.269,1.257,56.2,0.265,0.253,0.309,0.406,0.715,105.8,112.2,28.2,12.4,7.3,64.5,48.3,31.1,15.8,84.2,31.4,9.2,49.7,9.8,37.3,32,30.7,2024
陳琥,Brothers,62,"40, 1/3",174,4.24,86.5,86.8,3.072,1.388,66.4,0.333,0.263,0.329,0.314,0.644,86.4,91.6,44.7,21.8,8.6,62.4,44.8,23,20.9,79.1,44.2,13.3,33.3,9.2,31.3,31.7,37.1,2024
魏碩成,Brothers,14,"73, 1/3",347,6.014,61,61.2,4.322,1.814,64.6,0.389,0.324,0.426,0.412,0.838,142.9,149.7,32.9,15.9,11.8,61.1,40.9,23.3,16.9,83.1,61.9,13.8,23,1.3,37.9,35.8,26.4,2024
呂彥青,Brothers,58,54,229,4.167,88,88.3,3.048,1.352,63.2,0.331,0.273,0.329,0.376,0.704,103.6,109.6,37.2,18.3,7.4,64.9,46,21,19.9,80.1,48.5,16.6,30.2,4.7,31.7,38.2,30.2,2024
廖乙忠,Brothers,11,"3, 1/3",22,13.5,27.2,27.3,6.422,3.3,58.3,0.467,0.412,0.545,0.529,1.075,211.3,220,22.2,9.1,18.2,56,44,22.7,21.6,78.4,33.3,6.7,46.7,13.3,13.3,40,46.7,2024
余謙,Brothers,49,"36, 2/3",167,5.155,71.1,71.4,4.322,1.555,63.6,0.32,0.291,0.37,0.404,0.774,123.7,130.3,27.6,12.6,9.6,61.3,43.6,24,17.5,82.5,47.6,15.9,30.2,6.3,34.5,32.1,33.3,2024
林暉盛,Brothers,12,"5, 2/3",29,12.706,28.9,29,7.004,1.765,37.7,0.316,0.318,0.429,0.545,0.974,180.6,189.2,27.3,10.3,10.3,59.4,43.6,24.1,9.1,90.9,42.9,14.3,33.3,9.5,42.9,35.7,21.4,2024
克迪,Brothers,18,"81, 2/3",336,2.755,133.1,133.6,2.816,1.188,78.1,0.305,0.253,0.296,0.33,0.627,80.9,86.2,35,18.5,5.4,68.3,49.9,25.9,17.6,82.4,50.4,9.8,34.3,5.5,33.1,34.6,32.3,2024
陳柏均,Brothers,56,9,37,2,183.3,184.1,3.678,1.444,84.6,0.273,0.2,0.351,0.267,0.618,80.1,84.7,40,21.6,18.9,56.9,42.5,18.9,36.9,63.1,50,13.6,31.8,4.5,15.9,52.3,31.8,2024
盧孟揚,Brothers,71,"23, 1/3",107,5.786,63.4,63.6,4.665,1.671,60.8,0.318,0.299,0.364,0.423,0.787,127.2,133.9,21.3,9.3,9.3,61.4,47.5,25.2,17.7,82.3,33.3,12.6,46,8,29.9,40.2,29.9,2024
鄭凱文,Brothers,19,"37, 1/3",158,2.893,126.8,127.2,3.229,1.259,79.4,0.317,0.278,0.301,0.364,0.666,91.8,97.6,35.2,15.8,3.2,66.9,49.7,27.2,17.1,82.9,42.2,17.2,35.9,4.7,28.9,37.9,33.2,2024
黃恩賜,Brothers,64,20,82,1.8,203.7,204.5,2.922,1.15,75,0.276,0.232,0.3,0.333,0.633,82.9,88.3,38.9,17.1,8.5,63.5,46.7,24.4,18.4,81.6,46.7,16.7,30,6.7,28.3,37.5,34.2,2024
魔力藍,Brothers,55,4,18,2.25,163,163.6,3.122,2,87.5,0.462,0.375,0.444,0.438,0.882,155.5,162.7,30,16.7,11.1,59,49.4,22.2,36.6,63.4,53.8,23.1,23.1,0,69.2,15.4,15.4,2024
象騎士,Brothers,73,30,127,3.9,94,94.4,2.889,1.4,54.8,0.333,0.284,0.336,0.319,0.655,89.9,95.2,32.7,13.4,7.1,66.1,44.5,20.5,14.2,85.8,51.5,7.9,36.6,4,23.3,32.2,44.6,2024
王奕凱,Brothers,54,1,4,0,Infinity,Infinity,3.122,1,100,0.25,0.25,0.25,0.25,0.5,44.8,48.9,0,0,0,63.6,54.5,25,0,100,50,0,50,0,25,12.5,62.5,2024
江承諺,Hawks,20,"115, 1/3",487,3.434,106.8,120.5,3.79,1.223,66.5,0.28,0.261,0.302,0.363,0.665,91.8,83.3,27.3,11.7,5.1,64.7,45.7,23.8,12.2,87.8,40.9,12.2,41.6,5.2,33.7,35.2,31.2,2024
許峻暘,Hawks,84,10,57,8.1,45.3,51.1,5.222,2.8,56.4,0.487,0.444,0.5,0.689,1.189,241.8,226.6,38.1,14,14,56,43.1,24.6,16.7,83.3,31.7,14.6,51.2,2.4,32.9,35.4,31.7,2024
賴鴻誠,Hawks,48,"35, 1/3",162,4.84,75.8,85.5,4.452,1.613,61.6,0.315,0.295,0.367,0.381,0.748,116.5,107,24.2,9.3,9.9,61,47.7,25.3,14.2,85.8,50,14.6,27.7,7.7,35.8,34.6,29.6,2024
王躍霖,Hawks,95,"25, 1/3",119,6.395,57.3,64.7,3.122,1.697,47.7,0.367,0.327,0.373,0.418,0.791,128.5,118.5,23.1,10.1,5.9,67.1,53.8,36.1,14.5,85.5,51.5,11.1,32.3,5.1,36.4,30.3,33.3,2024
雷公,Hawks,39,"30, 2/3",136,5.576,65.8,74.2,3.415,1.565,61.4,0.376,0.301,0.368,0.415,0.782,126.2,116.2,47.5,20.6,8.1,66.7,51.5,32.4,26.5,73.5,65.3,8.4,22.1,4.2,34.2,34.2,31.6,2024
小野寺賢人,Hawks,4,"50, 2/3",202,2.309,158.8,179.2,3.161,0.967,70,0.231,0.206,0.256,0.278,0.534,54.4,47.6,25.8,12.4,5.9,65.7,46.1,24.8,12.3,87.7,51.8,11.6,31.1,5.5,26.5,35.7,37.8,2024
楊達翔,Hawks,99,"26, 1/3",144,10.937,33.5,37.8,5.363,2.506,45.2,0.433,0.393,0.493,0.479,0.972,181.7,169.5,26,9,13.9,55.6,40.1,22.9,14.1,85.9,62.6,13.1,20.6,3.7,29,32.7,38.3,2024
謝葆錡,Hawks,10,20,86,5.4,67.9,76.6,2.972,1.4,56.4,0.333,0.263,0.326,0.368,0.694,100.4,91.7,57.1,23.3,9.3,62.4,48,27.9,20.9,79.1,25.9,15.5,53.4,5.2,40.5,28.4,31,2024
陳正毅,Hawks,11,"7, 2/3",40,11.739,31.2,35.3,4.818,2.348,47.4,0.414,0.387,0.475,0.452,0.927,168.8,157.2,19,10,15,59.3,44.4,20,15.3,84.7,41.4,17.2,31,10.3,34.5,29.3,36.2,2024
笠原祥太郎,Hawks,47,17,78,3.176,115.5,130.3,4.122,1.529,77.2,0.288,0.242,0.342,0.318,0.66,91.5,83.2,34.2,16.7,12.8,58.5,40.8,17.9,20.2,79.8,40,20,34.5,5.5,39.1,38.2,22.7,2024
陳柏清,Hawks,66,102,438,3.529,103.9,117.3,4.269,1.304,65.2,0.24,0.223,0.314,0.308,0.622,80.2,72.4,23.6,10.7,11.4,61.5,44.5,26.5,15.7,84.3,42.9,11.8,38.8,6.5,32,30.9,37.1,2024
陳宇宏,Hawks,17,48,217,4.5,81.5,92,3.414,1.542,66.9,0.352,0.328,0.353,0.493,0.846,143.2,132.3,24.4,9.7,3.7,67.5,49.9,27.6,10.3,89.7,39.8,15.1,41.9,3.2,36.3,33.3,30.4,2024
黃群,Hawks,46,51,214,3.176,115.5,130.3,3.985,1.176,69.7,0.25,0.218,0.303,0.341,0.644,86,77.9,39.6,18.7,9.8,61.4,46.5,27.1,23,77,45.3,5.3,42.7,6,31.3,26,42.7,2024
伍祐城,Hawks,55,42,182,2.786,131.6,148.5,4.384,1.429,80.1,0.289,0.257,0.358,0.342,0.7,103,94.2,26.7,13.2,11.5,59.6,43.9,22,16.3,83.7,56.4,10.5,27.1,6,23.3,33.8,42.9,2024
許育銘,Hawks,74,"26, 1/3",125,7.519,48.8,55,4.299,1.633,56.6,0.341,0.283,0.379,0.415,0.794,129.5,119.5,32.4,18.4,10.4,64,48,20.8,17.3,82.7,40,10.6,41.2,8.2,31.2,36.5,32.4,2024
哈瑪星,Hawks,52,"108, 1/3",455,2.825,129.8,146.5,2.744,1.292,77,0.347,0.288,0.32,0.36,0.68,96.4,87.8,39.6,18.9,4.4,69.2,51.8,32.1,17.3,82.7,44.1,15.6,35.4,4.9,31.4,35.4,33.1,2024
郭俞延,Hawks,98,"21, 2/3",97,5.815,63.1,71.2,4.414,1.615,54.9,0.314,0.287,0.375,0.4,0.775,124.1,114.4,27.9,12.4,12.4,58.7,38.7,13.4,13.2,86.8,37.5,11.1,44.4,6.9,31.9,32.6,35.4,2024
陳暐皓,Hawks,58,"34, 1/3",150,3.67,99.9,112.8,3.122,1.427,67.9,0.327,0.263,0.336,0.376,0.712,105.7,96.7,40.3,19.3,9.3,62,43.8,19.3,25.1,74.9,55.7,16,28.3,0,29.7,35.4,34.9,2024
施子謙,Hawks,45,"50, 2/3",222,5.329,68.8,77.7,2.905,1.461,51.6,0.353,0.322,0.341,0.442,0.783,125.4,115.4,24.5,10.8,3.2,66.9,49.9,26.6,14.5,85.5,50,12.1,31.6,6.3,30.3,34.5,35.3,2024
巫柏葳,Hawks,92,"31, 1/3",150,6.894,53.2,60,5.548,1.979,66.9,0.352,0.331,0.427,0.508,0.935,169.7,157.8,26.7,10.7,14,57.4,41.5,29.3,15.9,84.1,40.5,15.3,39.6,4.5,38.3,34.2,27.5,2024
林詩翔,Hawks,5,26,118,4.154,88.3,99.6,4.122,1.615,72.2,0.369,0.327,0.371,0.538,0.909,161,149.3,32.8,16.9,6.8,64.5,49,30.5,22.2,77.8,36,15.7,43.8,4.5,32.6,35.4,32,2024
曾品洋,Hawks,62,"2, 1/3",12,7.714,47.5,53.6,5.693,1.714,60,0.2,0.125,0.417,0.125,0.542,60.9,54.7,50,25,25,51,31.4,8.3,25,75,60,20,0,20,50,30,20,2024
王柏傑,Hawks,12,"19, 2/3",88,2.288,160.3,180.9,2.512,1.475,58.6,0.348,0.287,0.333,0.325,0.658,90.7,82.4,37.5,17,6.8,64.9,44.6,25,18.4,81.6,55.2,13.4,22.4,9,41.8,31.3,26.9,2024
後勁,Hawks,40,"79, 1/3",325,2.042,179.6,202.6,3.097,1.16,78.5,0.273,0.226,0.299,0.284,0.584,69.1,61.8,35.8,16.6,8,61.7,45.8,25.8,19.3,80.7,50.8,14.6,31.3,3.3,25.4,35,39.6,2024
王溢正,Hawks,32,"2, 2/3",16,10.125,36.2,40.9,11.372,3,78.9,0.417,0.462,0.563,0.692,1.255,261.8,245.8,0,0,12.5,52.1,45.8,37.5,13.6,86.4,23.1,7.7,61.5,7.7,26.9,34.6,38.5,2024
陳冠豪,Hawks,28,"4, 1/3",23,4.154,88.3,99.6,5.43,2.077,60,0.308,0.235,0.435,0.235,0.67,96.7,88.7,40,17.4,21.7,57.6,46.7,26.1,25.6,74.4,69.2,0,23.1,7.7,34.6,26.9,38.5,2024
張喜凱,Hawks,26,"1, 2/3",13,21.6,17,19.2,6.722,3.6,50,0.545,0.545,0.615,0.909,1.524,337.5,317.8,0,0,0,58.5,35.8,0,0,100,18.2,27.3,45.5,9.1,63.6,9.1,27.3,2024
鳥松,Hawks,30,"39, 2/3",186,4.538,80.8,91.2,3.425,1.714,65.5,0.384,0.339,0.378,0.48,0.858,147.1,136.2,30.5,13.4,5.4,69.3,49.7,26.3,14.3,85.7,38.9,10.1,47,4,32.9,35.2,31.9,2024
吉田一将,Hawks,41,"15, 2/3",60,0.574,638.9,720.9,2.611,0.894,92.9,0.24,0.214,0.237,0.214,0.452,30.9,25.3,25,11.7,3.3,68.1,53.1,38.3,27.3,72.7,47.1,11.8,33.3,7.8,34.3,32.4,33.3,2024
黃紹睿,Hawks,56,3,12,0,Infinity,Infinity,2.455,1,100,0.273,0.25,0.25,0.25,0.5,44.8,38.5,100,8.3,0,64.7,58.8,41.7,20,80,36.4,27.3,36.4,0,36.4,22.7,40.9,2024
徐若熙,Dragons,18,"94, 2/3",383,2.472,148.3,136.7,2.161,1.109,75.1,0.322,0.222,0.288,0.278,0.566,64.1,71.2,50.2,29.5,7.6,67.7,51.2,28.2,27.7,72.3,54.2,11.3,30.3,4.2,33,33.4,33.6,2024
銳歐,Dragons,0,"92, 1/3",351,1.17,313.4,288.9,1.92,0.78,78.9,0.239,0.176,0.216,0.222,0.438,26.8,32.3,45.6,26.8,4,68.6,50.1,27.4,28.6,71.4,51.7,12.5,28.7,7.1,34.2,32.5,33.3,2024
陳禹勳,Dragons,5,"38, 1/3",161,5.165,71,65.4,4.635,1.096,61.6,0.255,0.221,0.308,0.393,0.701,101.9,110.4,44.6,23,6.8,61.8,44.3,27.3,27.4,72.6,41.5,8.5,40.6,9.4,26.9,32.5,40.6,2024
陳冠偉,Dragons,59,56,220,1.768,207.4,191.2,1.818,0.911,75.2,0.276,0.185,0.241,0.28,0.521,50.4,56.8,54.2,32.7,6.4,70.6,53.9,37.3,26.1,73.9,42.9,9.8,40.6,6.8,24.8,35.7,39.5,2024
王維中,Dragons,16,104,442,3.981,92.1,84.9,3.834,1.385,71.3,0.307,0.268,0.342,0.37,0.712,105.8,114.7,29.9,14.3,8.8,62.1,43.5,24.2,17.3,82.7,43.4,16.2,35,5.4,32.8,35.2,32,2024
呂詠臻,Dragons,40,35,151,3.6,101.9,93.9,2.951,1.314,69.5,0.3,0.238,0.311,0.308,0.619,79.3,87.1,41,21.2,9.9,64.9,44.2,23.8,15.7,84.3,36.9,14.6,42.7,5.8,33,30.6,36.4,2024
林逸達,Dragons,48,"13, 2/3",57,1.976,185.6,171.1,3.854,1.171,83.3,0.219,0.167,0.298,0.229,0.527,53.6,60.4,57.7,26.3,14,59.7,41.3,26.3,27.2,72.8,45.5,6.1,42.4,6.1,45.5,27.3,27.3,2024
劉昱言,Dragons,15,7,33,3.857,95.1,87.6,3.979,1.714,76.9,0.333,0.259,0.394,0.333,0.727,111.4,120.8,40,18.2,15.2,58.6,39.8,9.1,15.1,84.9,28.6,23.8,38.1,9.5,38.1,35.7,26.2,2024
林凱威,Dragons,99,45,190,4.6,79.7,73.5,3.855,1.333,66.8,0.317,0.281,0.33,0.392,0.722,108.3,117.1,34.5,15.3,6.3,64.7,49,31.1,16.8,83.2,42.6,21.6,29.1,6.8,33.8,34.8,31.4,2024
伍鐸,Dragons,52,89,376,3.337,109.9,101.3,3.425,1.36,69.6,0.322,0.295,0.34,0.386,0.726,109.7,118.6,24.2,9.8,5.6,64.9,47.6,29.5,13.2,86.8,58.6,12.7,24.5,4.1,29.6,34.1,36.3,2024
林子昱,Dragons,71,"33, 1/3",140,2.7,135.8,125.2,3.482,1.26,76.5,0.294,0.266,0.304,0.352,0.656,89.4,97.4,27.9,13.6,5.7,66.3,47.6,26.4,14.8,85.2,44.2,13.3,34.5,8,34.1,35,31,2024
羅華韋,Dragons,68,21,106,6.857,53.5,49.3,4.36,2.143,65.6,0.455,0.425,0.452,0.563,1.015,192.5,204.8,31.3,14.2,7.5,61.3,43.3,30.2,18.7,81.3,39.5,14.8,43.2,2.5,34,29.6,36.4,2024
張景淯,Dragons,51,"14, 2/3",84,10.432,35.2,32.4,7.622,2.523,61.6,0.324,0.241,0.5,0.407,0.907,163.9,175.7,38.6,20.2,28.6,50.7,30.3,13.1,15,85,39.5,13.2,44.7,2.6,36.8,28.9,34.2,2024
艾璞樂,Dragons,35,"150, 2/3",608,2.748,133.4,123,3.275,1.088,74.5,0.265,0.225,0.278,0.335,0.613,76.8,84.3,41.7,19.4,6.6,66.1,46.3,27.1,18.7,81.3,50.3,12.5,30.6,6.5,36.1,32.1,31.8,2024
李超,Dragons,0,15,63,2.4,152.8,140.8,3.589,1.333,86,0.321,0.3,0.323,0.367,0.689,99.3,107.8,20.7,9.5,3.2,67.5,49.6,23.8,12.1,87.9,34.5,16.4,40,9.1,30.9,42.7,26.4,2024
趙璟榮,Dragons,42,5,25,5.4,67.9,62.6,8.522,1.8,80.6,0.267,0.286,0.375,0.619,0.994,184.6,196.2,30.8,16,12,62.9,44.9,36,22.5,77.5,38.9,16.7,33.3,11.1,25,36.1,38.9,2024
呂偉晟,Dragons,39,"1, 2/3",9,10.8,34,31.3,4.922,2.4,50,0.375,0.375,0.444,0.5,0.944,172.7,184.3,0,0,11.1,55.9,44.1,22.2,13.3,86.7,37.5,0,62.5,0,56.3,18.8,25,2024
鋼龍,Dragons,37,"120, 2/3",516,2.983,122.9,113.3,4.075,1.392,77.8,0.301,0.261,0.336,0.379,0.715,106.5,115.3,36.1,16.9,9.5,62.4,46.2,26.4,18.7,81.3,47.6,12.5,33.2,6.6,28.1,33.4,38.6,2024
吳俊杰,Dragons,20,"26, 2/3",120,6.412,57.2,52.7,4.21,1.65,60.7,0.348,0.311,0.376,0.472,0.848,144.3,154.6,25.9,12.5,9.2,62.5,47.4,30.8,12.3,87.7,39.4,17,34,9.6,39.4,33.5,27.1,2024
郭郁政,Dragons,17,"53, 2/3",226,4.863,75.4,69.5,3.923,1.248,61.7,0.283,0.265,0.298,0.414,0.712,104.7,113.2,25,11.5,4.4,69,50.2,26.1,12.1,87.9,42.1,13.7,36.8,7.4,33.9,35.5,30.5,2024
廖任磊,Dragons,11,"4, 2/3",24,11.571,31.7,29.2,8.051,2.357,52.1,0.375,0.389,0.5,0.556,1.056,205.1,218.1,10,4.2,16.7,60.6,49.5,41.7,10.2,89.8,52.6,15.8,31.6,0,26.3,42.1,31.6,2024
吳君奕,Dragons,78,22,94,4.091,89.6,82.6,4.804,1.455,76.2,0.29,0.275,0.355,0.412,0.767,121.4,130.8,26.2,11.7,10.6,59.9,45.2,21.3,15.7,84.3,40.3,15.3,40.3,4.2,34.7,36.1,29.2,2024
林鋅杰,Dragons,77,1,5,9,40.7,37.6,6.122,2,50,0.25,0.333,0.4,0.333,0.733,113.2,122.7,0,0,20,57.9,52.6,0,30,70,25,25,50,0,62.5,25,12.5,2024
劉家愷,Dragons,87,1,5,9,40.7,37.6,6.122,2,50,0.25,0.25,0.4,0.5,0.9,159.3,170.2,0,0,20,66.7,50,60,11.1,88.9,75,0,25,0,12.5,50,37.5,2024
曹祐齊,Dragons,67,19,76,1.421,258.1,237.9,2.911,1,73.7,0.208,0.164,0.253,0.224,0.477,38.5,44.6,51.9,18.4,10.5,60.9,42.1,23.7,17,83,63,5.6,22.2,9.3,34.3,34.3,31.5,2024
布藍登,Guardians,23,64,293,5.344,68.6,69.6,5.075,1.641,68.9,0.317,0.287,0.379,0.414,0.794,129.2,125.2,29,13.7,11.3,59.3,41.9,23.2,19.3,80.7,55.8,9.8,32.1,2.3,34.9,33.5,31.6,2024
黃保羅,Guardians,18,"64, 1/3",279,4.197,87.4,88.7,4.039,1.306,71.6,0.292,0.262,0.32,0.407,0.727,109.4,106,28.6,15.8,6.8,63.3,46.9,29.7,18.5,81.5,45.3,13.7,34.9,6.1,33.7,34,32.3,2024
林旺熙,Guardians,73,"22, 2/3",113,7.941,46.2,46.9,5.416,1.897,50.3,0.342,0.309,0.4,0.447,0.847,144.7,140.4,40,14.2,12.4,58,44.7,30.1,18.6,81.4,37.8,18.3,39,4.9,32.9,34.1,32.9,2024
張瑞麟,Guardians,70,"12, 2/3",59,4.263,86,87.3,5.964,1.974,81.3,0.324,0.289,0.441,0.511,0.952,174.8,170.1,30.8,13.6,20.3,54.1,35.9,18.6,21.7,78.3,44.7,13.2,36.8,5.3,30.3,32.9,36.8,2024
藍愷青,Guardians,21,"8, 2/3",47,7.269,50.4,51.2,5.084,2.308,59.1,0.405,0.385,0.478,0.513,0.991,186.6,181.5,14.3,4.3,10.6,56.2,40.7,27.7,13.6,86.4,55.3,15.8,21.1,7.9,26.3,32.9,40.8,2024
陳仕朋,Guardians,81,"122, 1/3",527,3.678,99.7,101.2,3.514,1.406,70,0.326,0.286,0.335,0.372,0.706,104.3,100.7,34.4,14.6,6.6,64.8,47.2,26,19.5,80.5,47,13.3,36.1,3.6,31.1,35.5,33.4,2024
李東洺,Guardians,66,"27, 2/3",129,4.229,86.7,88,3.953,1.663,71.8,0.362,0.288,0.365,0.405,0.77,122.5,118.6,46.8,22.5,10.9,61.6,47.6,26.4,25.1,74.9,34.9,27.9,33.7,3.5,32,30.2,37.8,2024
李建勳,Guardians,54,10,53,6.3,58.2,59.1,6.822,2.3,75.2,0.342,0.341,0.462,0.463,0.925,167.9,163,15,5.7,17,54.4,45.1,28.3,17.4,82.6,50,15,20,15,40,30,30,2024
王尉永,Guardians,34,35,150,5.4,67.9,68.9,3.293,1.314,59.8,0.299,0.22,0.309,0.318,0.627,81.5,78.2,50,28,11.3,62.1,44.2,25.3,22.8,77.2,39.6,16.5,39.6,4.4,25.8,36.8,37.4,2024
戈威士,Guardians,24,"23, 1/3",110,6.171,59.4,60.3,2.693,1.714,57.5,0.393,0.273,0.377,0.386,0.764,120.9,116.9,45.3,26.4,14.5,58.2,37.3,19.1,20.1,79.9,41.5,24.6,24.6,9.2,31.5,34.6,33.8,2024
陳冠勳,Guardians,59,5,31,10.8,34,34.5,7.122,3.2,52.9,0.45,0.409,0.567,0.455,1.021,197.5,191.6,18.2,6.5,22.6,52,32.5,16.1,12.5,87.5,61.9,14.3,19,4.8,28.6,42.9,28.6,2024
曾峻岳,Guardians,60,"47, 1/3",189,1.521,241.1,244.7,1.685,1.056,84.7,0.333,0.214,0.277,0.25,0.527,53,50.1,47.7,33.3,7.4,69.9,53.4,36.5,29.4,70.6,45,12.6,32.4,9.9,27.9,34.7,37.4,2024
富藍戈,Guardians,87,"57, 2/3",247,2.341,156.6,159,2.446,1.231,76.4,0.34,0.26,0.318,0.312,0.63,82.6,79.2,42.4,22.7,6.1,68.8,57,41.7,25.8,74.2,44.4,11.7,34.5,9.4,40.4,34.8,24.9,2024
羅戈,Guardians,64,154,626,2.162,169.6,172.2,2.544,1.13,81,0.311,0.236,0.29,0.306,0.596,72.4,69.3,44.7,24.9,6.2,65.6,46.3,26.7,21.5,78.5,52.3,13.6,31.5,2.6,30.5,33.1,36.4,2024
江國豪,Guardians,12,92,420,4.989,73.5,74.6,4.242,1.522,64.9,0.316,0.284,0.368,0.379,0.747,116.2,112.3,28,12.1,9.3,63.1,46.8,27.6,15.6,84.4,44,13.8,34.9,7.2,34,33,33,2024
歐書誠,Guardians,57,"33, 2/3",136,3.743,98,99.4,4.132,1.129,73.4,0.267,0.246,0.306,0.361,0.667,92.5,89.2,27.9,14,5.9,61.7,47.3,27.9,17.3,82.7,37.7,13.2,44.3,4.7,38.2,31.1,30.7,2024
江國謙,Guardians,49,3,15,9,40.7,41.4,7.789,2.667,75.8,0.5,0.5,0.533,0.857,1.39,298.3,292.4,25,6.7,6.7,62.2,51.1,40,13,87,30.8,15.4,53.8,0,38.5,19.2,42.3,2024
吳世豪,Guardians,50,38,166,4.026,91.1,92.4,4.201,1.447,73.4,0.313,0.267,0.341,0.425,0.766,120.7,117.1,36,18.7,9.6,64,52.3,36.7,26.9,73.1,41.2,10.9,43.7,4.2,37.8,32.4,29.8,2024
道鉑戈,Guardians,0,6,23,0,Infinity,Infinity,1.955,0.833,100,0.25,0.19,0.227,0.238,0.465,34.5,32.1,38.5,21.7,4.3,69,47.1,17.4,17.1,82.9,76.5,0,23.5,0,38.2,29.4,32.4,2024
賴智垣,Guardians,25,"29, 2/3",133,3.337,109.9,111.5,5.246,1.652,81.7,0.291,0.242,0.415,0.303,0.718,109.5,105.2,35.7,15,18.8,55.2,38.8,18,19.3,80.7,45.8,13.3,34.9,6,31.3,30.7,38,2024
岳少華,Guardians,48,"31, 1/3",134,3.734,98.2,99.7,3.76,1.436,65.8,0.323,0.278,0.359,0.365,0.724,109.6,105.8,30.6,14.2,9.7,61.9,46.9,22.4,16.3,83.7,43,13,39,5,28,36,36,2024
游霆崴,Guardians,80,"15, 1/3",71,2.935,124.9,126.8,5.796,1.761,65.8,0.345,0.354,0.386,0.523,0.909,161.4,157.3,17.2,7,5.6,63.2,37.9,12.7,9.4,90.6,43.5,8.1,38.7,9.7,25.8,35.5,38.7,2024
張奕,Guardians,19,"23, 1/3",103,4.243,86.4,87.7,2.736,1.457,64.4,0.362,0.283,0.337,0.402,0.739,113.2,109.6,40.4,22.3,7.8,64.6,53.6,40.8,19.6,80.4,43.1,15.3,37.5,4.2,25.7,35.4,38.9,2024
杰戈,Guardians,74,30,131,2.4,152.8,155.1,4.122,1.433,85.3,0.316,0.287,0.352,0.348,0.699,102.8,99.1,30.2,12.2,7.6,62.8,43.2,26,19.3,80.7,61.2,10.7,25.2,2.9,30.1,40.3,29.6,2024
鑀龍,Guardians,37,53,218,2.208,166.1,168.6,2.99,1.17,83.3,0.285,0.228,0.295,0.294,0.589,70.6,67.5,38.8,20.6,7.8,63.3,47.6,29.4,24.6,75.4,48.7,12.3,33.1,5.8,35.7,37.7,26.6,2024
江少慶,Guardians,71,17,62,1.588,230.9,234.4,1.769,0.765,69.2,0.233,0.169,0.21,0.203,0.413,19.7,17.5,47.1,25.8,4.8,67.9,48.4,21,20.2,79.8,48.8,11.6,37.2,2.3,39.5,26.7,33.7,2024
班恩,Guardians,23,"28, 1/3",131,3.812,96.2,97.6,3.404,1.729,70.6,0.378,0.292,0.398,0.358,0.757,119.5,115.3,35.1,19.8,13.7,61.2,46.3,29.8,18.7,81.3,40,17.6,37.6,4.7,32.4,35.3,32.4,2024
范柏絜,Guardians,15,2,10,13.5,27.2,27.6,8.622,2,38.5,0.375,0.4,0.4,0.8,1.2,242.2,237.7,33.3,10,0,70.6,55.9,70,10.5,89.5,44.4,0,44.4,11.1,50,27.8,22.2,2024
林栚呈,Guardians,94,1,5,0,Infinity,Infinity,4.122,2,100,0.333,0.25,0.4,0.25,0.65,90.3,86.2,25,20,20,66.7,45.8,20,27.3,72.7,100,0,0,0,0,83.3,16.7,2024
陳品宏,Guardians,0,"0, 2/3",5,0,Infinity,Infinity,9.122,3,100,0.5,0.333,0.6,0.333,0.933,173.8,167.7,50,20,20,50,31.8,0,14.3,85.7,50,0,50,0,50,0,50,2024
威能帝,Monkeys,49,"151, 2/3",652,3.501,104.7,105.3,2.858,1.299,62.8,0.322,0.272,0.31,0.371,0.681,96.4,92.5,34.1,17.3,5.4,69.6,53.6,33.1,21.7,78.3,41.6,15.9,35,7.6,31.9,34.6,33.5,2024
王志煊,Monkeys,64,"42, 1/3",171,1.488,246.4,247.6,3.713,1.181,85.3,0.262,0.238,0.312,0.306,0.618,79.1,75.5,25.9,12.3,8.8,64.1,46.4,32.2,15.8,84.2,54.5,9.1,33.3,3,36.4,31.8,31.8,2024
陳冠宇,Monkeys,17,"50, 1/3",211,1.967,186.4,187.3,2.566,1.113,75,0.276,0.213,0.287,0.255,0.542,57.4,54.3,39.6,20.9,7.6,64.1,46.3,29.4,19,81,54.4,12.2,29.3,4.1,32.7,34.7,32.7,2024
蘇俊璋,Monkeys,0,"42, 1/3",187,3.614,101.5,102,3.429,1.394,74.7,0.314,0.274,0.339,0.372,0.711,105.5,101.4,35.5,14.4,7.5,62.8,45.3,33.2,17.9,82.1,52.1,9.2,34.5,4.2,31,35.6,33.5,2024
陳柏豪,Monkeys,9,"52, 2/3",238,2.392,153.3,154.1,4.147,1.519,79.7,0.281,0.23,0.359,0.288,0.647,88.3,84.6,33.6,16,15.1,58.3,41,21,21.6,78.4,42.9,11.8,38.5,6.8,30.7,33.5,35.7,2024
霸威斯,Monkeys,20,"84, 2/3",389,4.146,88.4,88.9,3.677,1.618,67.2,0.358,0.294,0.375,0.395,0.77,122.8,118.3,34.5,18,9.8,61.7,45.6,23.7,21.9,78.1,44.2,11.3,35.8,8.8,31.8,34.9,33.4,2024
莊昕諺,Monkeys,77,"44, 1/3",185,3.451,106.3,106.8,3.708,1.286,73,0.303,0.274,0.321,0.417,0.737,112.5,108.3,28.3,14.1,5.9,65.8,49,31.4,17.7,82.3,43.2,12.3,38.4,6.2,37.3,31.2,31.5,2024
鈴木駿輔,Monkeys,14,"48, 2/3",223,5.548,66.1,66.4,4.273,1.747,66.8,0.367,0.319,0.4,0.44,0.84,142.8,137.9,29.9,14.3,10.8,59.8,41.2,22.4,19.5,80.5,47.6,15.9,32.3,4.3,29,34.1,36.9,2024
賴胤豪,Monkeys,63,"2, 2/3",17,16.875,21.7,21.8,5.372,3.75,50,0.6,0.462,0.588,0.769,1.357,290.6,282.9,27.3,17.6,23.5,54.2,40.3,35.3,17.2,82.8,50,10,40,0,40,20,40,2024
黃子鵬,Monkeys,69,100,437,3.51,104.5,105,3.542,1.28,67.7,0.305,0.273,0.327,0.358,0.685,98,94.1,27.3,12.8,5,65.4,47.7,27,13.6,86.4,47.6,14.1,33.1,5.2,36,33.7,30.3,2024
邱駿威,Monkeys,46,20,97,4.95,74.1,74.4,5.372,1.9,78.5,0.357,0.289,0.427,0.395,0.822,138.5,133.8,44.2,19.6,16.5,56.3,42.1,26.8,18.6,81.4,39,13.6,39,8.5,30.5,39.8,29.7,2024
葉家淇,Monkeys,26,1,9,18,20.4,20.5,18.122,5,66.7,0.25,0.333,0.667,0.333,1,194.1,188.2,0,0,44.4,41.7,25,22.2,11.1,88.9,25,0,75,0,25,50,25,2024
陳鴻文,Monkeys,13,"43, 1/3",186,4.154,88.3,88.7,3.237,1.385,66,0.321,0.279,0.335,0.376,0.711,105.4,101.3,28,15.1,7.5,64.7,48.3,25.8,18.9,81.1,38,13.4,43.7,4.9,26.8,37.7,35.6,2024
曾仁和,Monkeys,37,24,111,6.375,57.5,57.8,2.872,1.667,57.6,0.434,0.34,0.376,0.505,0.881,153.4,148.4,42.4,22.5,4.5,65,48.4,32.4,24.2,75.8,43,22.8,29.1,5.1,34.2,34.2,31.6,2024
曾家輝,Monkeys,44,11,52,6.545,56,56.3,4.122,1.636,44.4,0.275,0.25,0.346,0.295,0.642,86.3,82.6,22.7,9.6,13.5,60.4,43.8,25,11.9,88.1,50,5,37.5,7.5,37.5,36.3,26.3,2024
魔神樂,Monkeys,21,"149, 2/3",612,2.045,179.3,180.2,3.229,1.102,78.1,0.276,0.237,0.282,0.34,0.622,79.4,75.8,36.4,18.6,5.6,66.6,49.7,26,21.4,78.6,33.3,11.1,45,10.7,31.2,35,33.8,2024
黃偉晟,Monkeys,4,37,152,4.622,79.3,79.7,3.527,1.243,60.3,0.324,0.27,0.327,0.365,0.692,99.9,95.9,40.5,19.7,5.9,64.5,46.1,22.4,17.7,82.3,50.9,13.6,34.5,0.9,26.4,35.5,38.2,2024
林華偉,Monkeys,81,"1, 1/3",11,27,13.6,13.6,4.622,5.25,42.9,0.714,0.556,0.636,0.778,1.414,307.6,299.6,40,18.2,18.2,58.1,41.9,9.1,22.2,77.8,42.9,28.6,28.6,0,7.1,35.7,57.1,2024
陳克羿,Monkeys,19,"55, 1/3",254,4.392,83.5,83.9,4.568,1.663,68.7,0.311,0.278,0.384,0.354,0.738,114.2,109.9,30.6,11.8,13.4,59.7,42,24,18.2,81.8,48.9,15.6,29.6,5.9,28.2,32,39.8,2024
舒治浩,Monkeys,1,"7, 1/3",41,3.682,99.6,100.1,4.486,2.318,84.2,0.423,0.333,0.463,0.394,0.857,149.1,144.2,41.2,17.1,14.6,57.3,42,34.1,18.2,81.8,38.5,23.1,34.6,3.8,40.4,40.4,19.2,2024
楊彬,Monkeys,27,20,91,8.55,42.9,43.1,4.972,1.5,39.4,0.328,0.302,0.341,0.5,0.841,141.5,136.7,39.5,16.5,4.4,62,42.8,26.4,19.7,80.3,57.7,12.7,26.8,2.8,39.4,23.2,37.3,2024
肯特,Monkeys,25,"50, 2/3",206,3.375,108.7,109.2,3.319,1.224,64.5,0.304,0.275,0.32,0.36,0.68,96.4,92.5,23.6,10.2,4.9,64,46.1,22.8,13.2,86.8,59.9,12.8,23.3,4.1,41.9,30.8,27.3,2024
李家明,Monkeys,92,"7, 2/3",36,4.696,78.1,78.5,7.165,1.696,68.6,0.211,0.207,0.361,0.414,0.775,123.8,119.3,44.4,22.2,19.4,57.7,39.6,27.8,27.1,72.9,47.6,4.8,47.6,0,21.4,21.4,57.1,2024
洪敏暘,Monkeys,3,"1, 1/3",8,0,Infinity,Infinity,3.872,3,100,0.5,0.429,0.5,0.429,0.929,170,164.6,33.3,12.5,12.5,53.1,31.3,0,10,90,33.3,0,66.7,0,33.3,33.3,33.3,2024
威斯佛,Monkeys,32,"3, 2/3",14,2.455,149.4,150.1,1.486,1.091,75,0.333,0.167,0.286,0.25,0.536,55.7,52.6,85.7,42.9,14.3,59.3,42.6,35.7,34.8,65.2,0,0,83.3,16.7,25,41.7,33.3,2024
劉家翔,Monkeys,18,4,21,15.75,23.3,23.4,7.622,2.25,26.3,0.333,0.333,0.429,0.667,1.095,214.3,208.1,25,9.5,14.3,59,35.9,23.8,21.4,78.6,37.5,25,37.5,0,28.1,31.3,40.6,2024
盧冠宇,Monkeys,82,2,12,4.5,81.5,81.9,3.122,2,75,0.333,0.333,0.333,0.333,0.667,92.9,89.1,0,0,0,68.4,47.4,25,16.7,83.3,75,16.7,8.3,0,41.7,33.3,25,2024
温展樂,Monkeys,16,1,3,0,Infinity,Infinity,3.122,0,NaN,0,0,0,0,0,-100,-100,0,0,0,63.6,45.5,33.3,0,100,33.3,0,66.7,0,0,83.3,16.7,2024
林佳緯,Lions,20,"0, 2/3",2,0,Infinity,Infinity,0.122,0,NaN,0,0,0,0,0,-100,-100,100,50,0,71.4,14.3,0,0,100,100,0,0,0,0,0,100,2024
古林睿煬,Lions,19,125,501,1.656,221.4,205.6,1.778,1.072,84.3,0.33,0.228,0.276,0.289,0.565,63.5,66.6,55.8,29.9,5.6,67.2,51.3,30.7,27.2,72.8,43.4,16.6,34.1,5.9,28,36.7,35.3,2024
裴瑞茲,Lions,43,54,227,1.5,244.5,226.9,3.048,1.222,84.8,0.291,0.218,0.318,0.254,0.572,66.5,70,43.3,22.9,10.6,63,45.6,29.1,28.7,71.3,54.1,17.1,24.7,4.1,32.2,34.6,33.2,2024
李其峰,Lions,30,26,120,5.538,66.2,61.5,6.084,1.769,74.9,0.31,0.297,0.398,0.446,0.844,143.8,148.3,25,10.8,13.3,58.8,43.3,20,14.4,85.6,40,11.1,41.1,7.8,33.3,36.7,30,2024
尹柏淮,Lions,84,"13, 2/3",63,7.902,46.4,43.1,4.146,1.756,53.1,0.367,0.345,0.387,0.527,0.914,162.9,167.3,26.9,11.1,7.9,63.2,45.7,25.4,13.1,86.9,31.4,19.6,41.2,7.8,26.5,37.3,36.3,2024
勝騎士,Lions,21,"159, 1/3",642,2.485,147.6,137,2.576,1.048,76.8,0.287,0.22,0.267,0.313,0.579,67.4,70.4,43.7,26,5.8,70.1,52.4,31.9,23.8,76.2,37.8,12.2,42,7.6,31.8,33.1,35.1,2024
辛俊昇,Lions,69,33,138,3.818,96,89.2,3.122,1.303,72.1,0.312,0.246,0.312,0.381,0.693,99.8,103.3,43.1,22.5,8.7,62.1,44.6,25.4,19.5,80.5,41.1,16.8,33.7,8.4,25.3,34.7,40,2024
江承峰,Lions,95,"17, 2/3",86,5.094,72,66.8,5.273,2.038,70.2,0.397,0.352,0.44,0.549,0.99,185,190,33.3,14,12.8,60.9,48.1,34.9,22.7,77.3,43.5,21,35.5,0,25.8,36.3,37.9,2024
宋文華,Lions,97,5,23,3.6,101.9,94.6,4.922,1.8,66.7,0.3,0.316,0.391,0.368,0.76,120.1,124.5,0,0,13,59.5,45.2,13,10.5,89.5,30,10,50,10,42.5,32.5,25,2024
羅昂,Lions,44,104,425,2.769,132.4,122.9,3.209,1.096,75.9,0.291,0.251,0.28,0.358,0.639,83.7,86.9,34.9,19.1,3.3,69.1,51.3,26.4,16.9,83.1,41.1,11.7,41.7,5.5,35.3,35.4,29.3,2024
劉予承,Lions,26,"22, 1/3",102,4.433,82.7,76.8,4.465,1.612,69.3,0.314,0.273,0.36,0.364,0.724,109.6,113.7,34,15.7,11.8,59.9,44.2,27.5,13.8,86.2,47.3,10.8,37.8,4.1,25,39.2,35.8,2024
陳韻文,Lions,12,"33, 1/3",152,4.59,79.9,74.2,3.302,1.47,67,0.333,0.263,0.325,0.409,0.733,111.5,115.2,50,23.7,8.6,64.4,49.2,25,19.9,80.1,39.8,16.5,35,8.7,29.1,34.5,36.4,2024
郭俊麟,Lions,16,76,347,4.737,77.4,71.9,3.609,1.553,69.8,0.358,0.307,0.355,0.42,0.776,123.6,127.6,36.7,16.7,5.8,64.6,49.4,33.4,19.3,80.7,52.7,11,31.8,4.5,30.9,31.8,37.3,2024
姚杰宏,Lions,79,"15, 1/3",75,4.696,78.1,72.5,7.557,1.696,81.2,0.278,0.292,0.387,0.523,0.91,161.7,166.2,21.9,9.3,9.3,59.7,46.9,29.3,9.6,90.4,29.3,5.2,58.6,6.9,32.8,31,36.2,2024
林詔恩,Lions,74,"56, 2/3",269,3.812,96.2,89.3,4.904,1.729,71.9,0.325,0.303,0.389,0.407,0.796,130.3,134.7,21,9.3,10.4,59.9,42.9,24.9,15.2,84.8,47.9,14.7,32.7,4.7,32.7,37.9,29.4,2024
邱浩鈞,Lions,37,"44, 1/3",186,2.842,129,119.8,3.348,1.105,67.7,0.25,0.204,0.288,0.272,0.56,62.4,65.6,41.8,20.4,8.6,62.6,46.4,22.6,18.5,81.5,35.2,14.8,41.4,8.6,31.3,31.6,37.1,2024
楊孟沅,Lions,90,"1, 1/3",11,20.25,18.1,16.8,21.872,4.5,71.4,0.333,0.429,0.636,0.857,1.494,329.5,336.8,0,0,27.3,55.8,46.5,45.5,10,90,28.6,14.3,28.6,28.6,50,42.9,7.1,2024
布雷克,Lions,50,122,500,2.582,142,131.8,3.27,1.156,77.1,0.284,0.239,0.296,0.326,0.622,79.8,83.1,38,19,6.8,66.5,49.7,27.2,20.3,79.7,36.6,12.3,42.1,9,32.2,38.7,29.1,2024
潘威倫,Lions,18,29,136,6.828,53.7,49.9,5.536,1.724,51.1,0.345,0.352,0.382,0.57,0.953,173.2,177.6,15.7,5.9,3.7,66.8,48.5,27.2,9.3,90.7,41.3,14.9,42.1,1.7,33.1,33.9,33.1,2024
王鏡銘,Lions,41,20,86,3.15,116.4,108.1,4.772,1.25,73.3,0.243,0.244,0.302,0.372,0.674,94.3,97.7,18.4,8.1,7,62.9,48,38.4,9,91,43.1,18.1,36.1,2.8,33.3,37.5,29.2,2024
劉軒荅,Lions,23,"12, 2/3",64,7.816,46.9,43.6,5.411,1.895,63.9,0.378,0.346,0.444,0.442,0.887,156.6,161.6,25.9,10.9,9.4,62.2,47.3,40.6,15.2,84.8,36.2,10.6,44.7,6.4,28.7,33,38.3,2024
吳承諭,Lions,57,20,81,4.05,90.5,84,3.722,1.15,69.3,0.279,0.25,0.287,0.382,0.669,92.5,95.8,35.1,16,4.9,62.5,49.1,30.9,19.9,80.1,50,7.8,40.6,1.6,22.7,38.3,39.1,2024
傅于剛,Lions,42,4,17,4.5,81.5,75.6,2.622,1.5,66.7,0.375,0.353,0.353,0.412,0.765,120.8,124.8,12.5,5.9,0,72.3,60,29.4,15.4,84.6,43.8,18.8,31.3,6.3,31.3,37.5,31.3,2024
髙塩將樹,Lions,28,"21, 2/3",90,4.985,73.6,68.3,3.076,1.2,62,0.321,0.244,0.303,0.366,0.669,92.9,96.4,43.6,26.7,6.7,64.1,45.9,14.4,20.7,79.3,49.2,13.6,32.2,5.1,31.4,32.2,36.4,2024
胡智爲,Lions,58,27,115,5,73.3,68.1,3.863,1.481,58.1,0.322,0.288,0.357,0.346,0.703,103.8,107.8,21.7,11.3,8.7,63.8,49.6,28.7,12.9,87.1,42.9,15.4,36.3,5.5,36.3,34.6,29.1,2024
黃竣彥,Lions,40,"12, 2/3",57,4.263,86,79.8,2.964,1.579,65,0.35,0.28,0.357,0.36,0.717,107.6,111.6,37,17.5,10.5,62.2,48.8,35.1,20.8,79.2,46.3,17.1,34.1,2.4,37.8,34.1,28,2024
林子崴,Lions,17,"0, 2/3",2,0,Infinity,Infinity,3.122,0,NaN,0,0,0,0,0,-100,-100,NaN,0,0,100,50,0,0,100,100,0,0,0,25,50,25,2024
鄭澔,Lions,33,1,9,27,13.6,12.6,8.122,6,33.3,0.75,0.5,0.667,0.5,1.167,240.2,247.6,50,22.2,33.3,54.5,33.3,11.1,9.1,90.9,0,75,25,0,50,37.5,12.5,2024
李嘉祥,Lions,73,1,5,0,Infinity,Infinity,1.122,2,100,0.5,0.4,0.4,0.4,0.8,131.7,136.2,50,20,0,64.7,47.1,60,0,100,50,25,25,0,62.5,12.5,25,2024
鄭鈞仁,Lions,60,1,4,0,Infinity,Infinity,3.122,1,100,0.25,0.25,0.25,0.25,0.5,44.8,47.6,0,0,0,70.6,64.7,50,0,100,25,25,50,0,50,37.5,12.5,2024
